n_events,mu_iki_s,std_iki_s,cv_iki
337,0.31706349107142856,0.26443063720883175,0.8339990085747855
