n_events,mu_iki_s,std_iki_s,cv_iki
108,0.8660436168224299,1.381594951356704,1.5952948841374357
