n_events,mu_iki_s,std_iki_s,cv_iki
308,0.30206297394136805,0.2922369073916165,0.9674701390192271
