n_events,mu_iki_s,std_iki_s,cv_iki
323,0.3104554844720497,0.28999300279433865,0.9340888381710865
