n_events,mu_iki_s,std_iki_s,cv_iki
14,0.24358974358974356,0.0984929170085581,0.4043393435088175
