n_events,mu_iki_s,std_iki_s,cv_iki
211,0.4526984142857143,0.5226253639224804,1.1544669639435332
