n_events,mu_iki_s,std_iki_s,cv_iki
243,0.3910468347107438,0.5127940610704351,1.3113366879692234
