n_events,mu_iki_s,std_iki_s,cv_iki
129,0.7161458333333333,1.163809657954215,1.6251014860160677
