n_events,mu_iki_s,std_iki_s,cv_iki
118,0.808831905982906,0.8649562937715808,1.069389433544256
