n_events,mu_iki_s,std_iki_s,cv_iki
240,0.3967921882845189,0.4472385549852517,1.1271354834852756
